Country,2021,2020,2019,2018,2017,2016,2015,2014,2013,2012,2011,2010,2009,2008,2007,2006,2005,2004,2003,2002,2001,2000
Afghanistan,21.83 ,15.53 ,14.83 ,14.21 ,12.62 ,11.82 ,10.11 ,9.53 ,8.81 ,7.90 ,8.56 ,8.57 ,9.82 ,10.26 ,9.90 ,10.62 ,9.95 ,9.81 ,8.94 ,9.44 ,,
Albania,7.27 ,7.52 ,6.86 ,6.67 ,6.58 ,6.73 ,6.46 ,6.43 ,6.28 ,6.16 ,6.18 ,6.24 ,5.83 ,5.51 ,5.93 ,5.63 ,5.73 ,5.89 ,5.91 ,5.66 ,5.93 ,5.94 
Algeria,5.53 ,6.14 ,5.87 ,6.39 ,6.53 ,6.59 ,6.96 ,6.55 ,6.04 ,6.00 ,5.27 ,5.12 ,5.36 ,4.20 ,3.82 ,3.36 ,3.24 ,3.54 ,3.60 ,3.73 ,3.84 ,3.49 
Andorra,8.33 ,8.79 ,7.32 ,7.38 ,7.07 ,6.91 ,6.92 ,6.77 ,6.80 ,6.71 ,7.62 ,7.68 ,6.08 ,5.67 ,4.92 ,4.97 ,5.59 ,5.29 ,5.55 ,6.00 ,5.86 ,5.95 
Angola,2.96 ,3.22 ,2.48 ,2.59 ,2.79 ,2.71 ,2.61 ,2.43 ,2.73 ,2.40 ,2.65 ,2.70 ,3.84 ,3.32 ,2.97 ,2.69 ,2.85 ,3.97 ,3.55 ,3.33 ,4.48 ,1.91 
Antigua and Barbuda,5.85 ,5.92 ,4.38 ,4.85 ,4.87 ,5.12 ,5.28 ,5.87 ,5.51 ,5.48 ,5.44 ,5.38 ,4.18 ,4.20 ,4.45 ,4.63 ,4.99 ,5.12 ,5.58 ,5.29 ,5.44 ,4.72 
Argentina,9.71 ,10.35 ,10.04 ,10.29 ,10.23 ,9.86 ,10.23 ,9.67 ,9.78 ,9.83 ,9.42 ,9.45 ,9.46 ,8.18 ,7.83 ,7.64 ,7.61 ,7.23 ,6.89 ,7.39 ,8.37 ,8.22 
Armenia,12.34 ,12.24 ,11.38 ,10.01 ,10.36 ,9.95 ,10.12 ,10.18 ,10.32 ,9.13 ,9.38 ,9.24 ,8.44 ,6.64 ,5.50 ,5.85 ,5.86 ,6.06 ,7.18 ,7.61 ,4.65 ,4.20 
Australia,10.54 ,10.68 ,10.22 ,10.06 ,10.12 ,10.09 ,10.18 ,9.83 ,8.75 ,8.67 ,8.54 ,8.42 ,8.54 ,8.25 ,8.05 ,7.98 ,7.97 ,8.09 ,7.88 ,7.88 ,7.68 ,7.59 
Austria,12.10 ,11.39 ,10.49 ,10.35 ,10.38 ,10.35 ,10.37 ,10.37 ,10.29 ,10.20 ,10.03 ,10.22 ,10.23 ,9.73 ,9.53 ,9.53 ,9.63 ,9.71 ,9.55 ,9.39 ,9.27 ,9.20 
Azerbaijan,4.70 ,5.85 ,4.18 ,3.84 ,4.07 ,4.42 ,4.34 ,3.59 ,3.23 ,3.16 ,2.60 ,2.65 ,2.77 ,2.05 ,1.99 ,2.07 ,2.23 ,2.66 ,2.73 ,2.73 ,2.77 ,2.95 
Bahamas,7.14 ,7.65 ,5.82 ,5.98 ,6.70 ,5.68 ,5.16 ,5.54 ,5.59 ,5.32 ,5.32 ,5.26 ,5.15 ,4.86 ,4.50 ,4.31 ,4.03 ,4.05 ,4.02 ,3.81 ,3.92 ,3.80 
Bahrain,4.27 ,4.72 ,3.96 ,4.13 ,4.51 ,4.86 ,4.98 ,4.41 ,4.31 ,4.11 ,3.87 ,4.09 ,4.33 ,3.20 ,3.30 ,3.11 ,3.26 ,3.50 ,3.89 ,3.68 ,3.49 ,3.34 
Bangladesh,2.36 ,2.27 ,2.26 ,2.32 ,2.37 ,2.39 ,2.27 ,2.28 ,2.30 ,2.35 ,2.36 ,2.29 ,2.18 ,2.12 ,2.17 ,2.11 ,2.06 ,2.00 ,1.96 ,1.93 ,1.77 ,1.81 
Barbados,8.09 ,7.37 ,6.20 ,6.45 ,6.65 ,6.84 ,6.83 ,6.97 ,7.40 ,7.78 ,6.90 ,6.77 ,7.15 ,6.48 ,6.06 ,6.58 ,6.78 ,7.31 ,6.69 ,5.86 ,5.53 ,5.33 
Belarus,6.57 ,6.41 ,5.86 ,5.53 ,5.76 ,5.91 ,6.07 ,5.39 ,5.70 ,5.25 ,4.87 ,5.66 ,5.39 ,5.29 ,5.69 ,5.57 ,6.07 ,5.74 ,5.77 ,5.62 ,5.71 ,5.28 
Belgium,11.04 ,11.20 ,10.79 ,10.86 ,10.80 ,10.79 ,10.80 ,10.61 ,10.58 ,10.50 ,10.36 ,10.20 ,10.32 ,9.60 ,9.14 ,9.13 ,9.22 ,9.33 ,9.16 ,8.32 ,8.15 ,8.00 
Belize,4.98 ,5.31 ,4.81 ,4.75 ,4.62 ,4.77 ,4.65 ,4.88 ,4.44 ,4.36 ,4.55 ,4.50 ,4.53 ,4.54 ,4.08 ,3.57 ,3.47 ,3.45 ,3.56 ,3.59 ,3.49 ,2.98 
Benin,2.58 ,2.47 ,2.51 ,2.89 ,2.67 ,2.80 ,2.73 ,2.69 ,2.87 ,3.08 ,3.00 ,3.01 ,2.89 ,2.65 ,2.94 ,3.29 ,3.22 ,3.23 ,3.12 ,3.10 ,3.30 ,2.96 
Bhutan,3.85 ,4.36 ,3.60 ,3.24 ,3.34 ,3.58 ,3.76 ,3.56 ,3.71 ,3.62 ,3.35 ,3.56 ,3.55 ,3.38 ,4.13 ,4.41 ,4.13 ,4.60 ,4.13 ,4.60 ,5.00 ,4.45 
Bolivia (Plurinational State of),8.16 ,8.02 ,6.89 ,6.60 ,6.49 ,6.83 ,6.55 ,5.90 ,5.57 ,5.25 ,5.17 ,5.20 ,5.17 ,4.61 ,4.70 ,4.66 ,5.07 ,4.86 ,5.20 ,4.90 ,4.83 ,4.40 
Bosnia and Herzegovina,9.56 ,9.70 ,8.93 ,8.76 ,8.82 ,9.14 ,9.24 ,9.49 ,9.45 ,9.49 ,9.18 ,9.02 ,9.02 ,9.69 ,9.53 ,9.17 ,9.05 ,9.06 ,8.31 ,7.43 ,7.61 ,8.00 
Botswana,6.31 ,6.12 ,6.12 ,6.04 ,6.63 ,5.77 ,6.10 ,5.88 ,6.50 ,6.35 ,5.87 ,6.27 ,6.62 ,5.90 ,5.52 ,4.88 ,5.27 ,6.09 ,6.41 ,6.67 ,6.37 ,6.11 
Brazil,9.89 ,10.18 ,9.61 ,9.46 ,9.47 ,9.17 ,8.91 ,8.40 ,7.98 ,7.74 ,7.79 ,7.95 ,8.39 ,8.01 ,8.20 ,8.25 ,8.04 ,8.12 ,8.19 ,8.70 ,8.55 ,8.33 
Brunei Darussalam,2.20 ,2.39 ,2.19 ,2.41 ,2.27 ,2.55 ,2.39 ,1.91 ,1.90 ,1.85 ,1.86 ,2.28 ,2.39 ,1.88 ,1.94 ,1.91 ,2.23 ,2.55 ,2.60 ,2.53 ,2.55 ,2.55 
Bulgaria,8.56 ,8.48 ,7.09 ,7.33 ,7.49 ,7.46 ,7.39 ,7.68 ,7.14 ,7.54 ,7.10 ,7.10 ,6.60 ,6.28 ,6.16 ,6.53 ,6.89 ,6.89 ,7.20 ,7.08 ,6.86 ,5.83 
Burkina Faso,6.38 ,6.50 ,5.32 ,5.01 ,6.02 ,5.96 ,5.13 ,5.00 ,5.56 ,4.60 ,4.65 ,5.24 ,5.08 ,4.65 ,5.23 ,4.51 ,3.95 ,4.22 ,3.14 ,2.97 ,2.89 ,2.95 
Burundi,9.10 ,10.72 ,9.05 ,7.29 ,6.95 ,7.06 ,6.29 ,7.21 ,8.63 ,8.64 ,10.07 ,11.28 ,9.23 ,7.74 ,9.19 ,8.71 ,7.56 ,7.10 ,5.27 ,5.35 ,5.68 ,4.22 
C?te d¡¯Ivoire,3.13 ,3.63 ,3.21 ,3.09 ,3.25 ,3.32 ,3.22 ,3.73 ,3.72 ,4.43 ,4.40 ,4.42 ,4.47 ,4.57 ,4.55 ,4.76 ,5.01 ,5.48 ,5.48 ,5.90 ,6.02 ,6.13 
Cabo Verde,6.90 ,6.12 ,4.56 ,4.74 ,5.27 ,4.85 ,4.82 ,5.33 ,5.29 ,5.13 ,4.31 ,4.48 ,3.88 ,3.58 ,4.19 ,4.49 ,4.27 ,4.38 ,4.50 ,4.76 ,4.75 ,4.43 
Cambodia,7.53 ,7.11 ,6.85 ,6.07 ,5.65 ,6.12 ,6.19 ,6.70 ,7.10 ,7.26 ,7.50 ,6.91 ,7.58 ,6.60 ,4.91 ,6.12 ,6.85 ,7.08 ,6.94 ,7.23 ,7.01 ,6.54 
Cameroon,3.82 ,3.77 ,3.65 ,3.62 ,3.40 ,3.59 ,3.60 ,3.79 ,3.63 ,3.93 ,3.85 ,3.58 ,3.50 ,3.66 ,3.71 ,3.74 ,3.77 ,3.73 ,3.90 ,4.03 ,3.88 ,4.11 
Canada,12.33 ,13.04 ,11.01 ,10.91 ,10.91 ,11.03 ,10.74 ,10.26 ,10.41 ,10.51 ,10.38 ,10.68 ,10.66 ,9.61 ,9.45 ,9.34 ,9.04 ,9.07 ,9.01 ,8.86 ,8.62 ,8.25 
Central African Republic,9.07 ,8.99 ,7.76 ,11.00 ,6.67 ,5.44 ,5.03 ,4.57 ,4.77 ,3.92 ,3.68 ,3.57 ,4.82 ,4.09 ,4.72 ,4.44 ,4.37 ,4.30 ,4.40 ,4.23 ,3.96 ,4.27 
Chad,5.19 ,5.54 ,4.59 ,4.57 ,4.65 ,4.73 ,4.52 ,4.27 ,4.07 ,3.86 ,3.91 ,4.06 ,4.44 ,4.06 ,4.34 ,4.87 ,4.84 ,5.50 ,5.51 ,7.27 ,5.29 ,5.46 
Chile,9.34 ,9.73 ,9.36 ,9.23 ,9.09 ,8.56 ,8.35 ,7.84 ,7.48 ,7.02 ,6.80 ,6.82 ,7.25 ,6.74 ,6.21 ,6.07 ,6.62 ,6.91 ,7.25 ,7.21 ,7.10 ,7.00 
China,5.38 ,5.59 ,5.35 ,5.17 ,5.07 ,4.98 ,4.94 ,4.78 ,4.71 ,4.57 ,4.34 ,4.23 ,4.35 ,3.90 ,3.67 ,3.95 ,4.18 ,4.29 ,4.42 ,4.38 ,4.25 ,4.51 
Colombia,9.02 ,8.71 ,7.78 ,7.63 ,7.68 ,7.53 ,7.52 ,7.19 ,7.02 ,6.75 ,6.78 ,7.07 ,7.31 ,6.84 ,6.49 ,6.34 ,6.07 ,5.80 ,5.78 ,5.73 ,5.94 ,5.64 
Comoros,6.34 ,5.87 ,5.18 ,4.90 ,5.27 ,4.65 ,4.60 ,5.24 ,5.10 ,5.17 ,5.30 ,4.99 ,4.93 ,5.07 ,5.42 ,5.77 ,6.13 ,6.58 ,6.65 ,6.68 ,6.65 ,7.52 
Congo,3.88 ,4.39 ,2.54 ,1.90 ,2.52 ,2.77 ,2.46 ,1.97 ,1.94 ,1.91 ,1.75 ,1.85 ,2.14 ,2.24 ,1.90 ,1.71 ,1.72 ,1.92 ,1.92 ,1.70 ,2.19 ,1.51 
Cook Islands,3.82 ,3.65 ,2.76 ,2.65 ,2.80 ,2.99 ,2.87 ,3.29 ,3.29 ,3.11 ,3.52 ,3.63 ,3.47 ,3.43 ,3.72 ,3.47 ,3.91 ,3.41 ,3.20 ,3.44 ,3.26 ,3.04 
Costa Rica,7.57 ,7.83 ,7.22 ,7.29 ,7.05 ,7.32 ,7.59 ,7.66 ,7.68 ,7.79 ,8.12 ,8.03 ,7.86 ,7.47 ,7.00 ,6.94 ,6.66 ,6.63 ,6.97 ,6.87 ,6.47 ,6.56 
Croatia,8.10 ,7.72 ,6.80 ,6.75 ,6.66 ,6.73 ,6.69 ,6.61 ,6.43 ,7.68 ,7.66 ,7.99 ,8.08 ,7.65 ,7.41 ,6.91 ,6.84 ,6.50 ,6.30 ,6.14 ,7.17 ,7.65 
Cuba,13.79 ,12.49 ,11.08 ,11.02 ,11.47 ,12.22 ,12.81 ,12.14 ,10.43 ,9.30 ,11.31 ,10.69 ,12.29 ,11.31 ,10.97 ,8.27 ,8.76 ,6.83 ,7.10 ,7.11 ,6.98 ,6.58 
Cyprus,9.43 ,8.41 ,7.07 ,6.83 ,6.62 ,6.65 ,6.79 ,6.93 ,6.93 ,6.54 ,6.43 ,6.50 ,6.47 ,6.01 ,5.36 ,5.46 ,5.44 ,5.41 ,5.64 ,5.62 ,5.34 ,5.31 
Czechia,9.49 ,9.21 ,7.60 ,7.47 ,7.38 ,7.45 ,7.37 ,7.61 ,7.52 ,7.62 ,7.56 ,7.59 ,7.25 ,6.33 ,5.99 ,6.16 ,6.34 ,6.35 ,6.52 ,6.18 ,5.86 ,5.70 
Democratic Republic of the Congo,3.79 ,4.05 ,3.51 ,3.24 ,4.00 ,4.20 ,3.75 ,3.73 ,3.34 ,3.22 ,3.19 ,3.72 ,4.51 ,4.31 ,3.89 ,4.06 ,3.99 ,4.34 ,3.73 ,2.57 ,2.62 ,1.47 
Denmark,10.82 ,10.56 ,10.15 ,10.10 ,10.10 ,10.25 ,10.34 ,10.31 ,10.33 ,10.52 ,10.41 ,10.61 ,10.67 ,9.51 ,9.33 ,9.17 ,9.09 ,9.01 ,8.90 ,8.70 ,8.45 ,8.10 
Djibouti,2.88 ,2.15 ,2.17 ,2.34 ,2.47 ,2.74 ,3.35 ,2.97 ,2.92 ,3.30 ,3.38 ,3.36 ,3.64 ,3.62 ,4.06 ,4.22 ,3.81 ,3.54 ,4.27 ,3.76 ,3.20 ,3.40 
Dominica,6.50 ,6.00 ,5.17 ,6.18 ,5.46 ,5.12 ,5.16 ,5.26 ,5.35 ,5.80 ,5.33 ,5.16 ,4.98 ,5.05 ,4.79 ,4.78 ,4.98 ,4.75 ,4.85 ,4.65 ,4.65 ,5.32 
Dominican Republic,4.92 ,4.94 ,4.24 ,4.13 ,4.49 ,4.58 ,4.72 ,4.80 ,4.92 ,5.05 ,5.04 ,4.92 ,4.76 ,4.56 ,4.09 ,3.99 ,4.35 ,4.29 ,4.39 ,4.99 ,4.88 ,4.88 
Ecuador,8.29 ,8.36 ,7.77 ,7.83 ,7.54 ,7.42 ,7.61 ,6.83 ,6.88 ,6.86 ,6.58 ,6.22 ,5.80 ,5.47 ,5.43 ,5.71 ,5.60 ,5.57 ,5.44 ,4.48 ,3.76 ,3.33 
Egypt,4.61 ,4.15 ,4.60 ,4.75 ,5.35 ,5.07 ,5.06 ,4.77 ,4.67 ,4.46 ,4.36 ,4.15 ,4.38 ,4.47 ,4.44 ,4.84 ,4.92 ,4.86 ,5.22 ,5.51 ,5.40 ,4.92 
El Salvador,9.72 ,9.08 ,8.81 ,8.32 ,8.42 ,8.71 ,8.76 ,8.60 ,9.05 ,8.61 ,8.88 ,8.90 ,8.84 ,8.50 ,8.48 ,8.69 ,9.20 ,8.13 ,7.77 ,7.89 ,7.89 ,7.84 
Equatorial Guinea,3.40 ,3.90 ,3.17 ,2.85 ,2.75 ,2.86 ,2.34 ,1.75 ,1.64 ,1.51 ,1.43 ,1.62 ,1.77 ,1.12 ,1.30 ,1.29 ,1.30 ,1.45 ,1.83 ,2.75 ,1.20 ,1.11 
Eritrea,4.15 ,4.16 ,4.59 ,4.13 ,3.99 ,3.66 ,4.45 ,4.03 ,4.97 ,3.74 ,5.17 ,4.84 ,5.39 ,6.42 ,5.28 ,6.86 ,6.86 ,7.01 ,7.34 ,6.69 ,5.92 ,5.77 
Estonia,7.49 ,7.58 ,6.82 ,6.69 ,6.60 ,6.70 ,6.64 ,6.36 ,6.28 ,6.10 ,6.08 ,6.59 ,6.84 ,5.96 ,5.18 ,4.97 ,5.30 ,5.34 ,5.14 ,4.70 ,4.78 ,5.17 
Eswatini,7.04 ,6.60 ,7.15 ,6.62 ,6.98 ,6.82 ,7.06 ,7.26 ,7.46 ,7.82 ,8.47 ,8.59 ,8.63 ,8.86 ,7.93 ,7.83 ,7.38 ,6.81 ,6.38 ,5.52 ,5.14 ,4.61 
Ethiopia,3.21 ,3.48 ,3.23 ,3.30 ,3.45 ,3.60 ,3.82 ,4.03 ,4.08 ,4.54 ,4.47 ,5.47 ,4.65 ,4.28 ,5.00 ,4.46 ,4.10 ,4.31 ,4.90 ,4.71 ,4.72 ,4.37 
Fiji,5.38 ,4.77 ,4.25 ,4.11 ,3.19 ,3.28 ,3.32 ,3.37 ,3.20 ,3.27 ,3.14 ,3.42 ,3.54 ,3.18 ,3.42 ,3.35 ,3.26 ,3.26 ,2.97 ,2.98 ,2.91 ,3.42 
Finland,10.25 ,9.63 ,9.17 ,9.05 ,9.13 ,9.38 ,9.65 ,9.78 ,9.81 ,9.59 ,9.22 ,9.14 ,9.16 ,8.34 ,8.08 ,8.28 ,8.29 ,8.06 ,7.94 ,7.63 ,7.25 ,7.09 
France,12.31 ,12.13 ,11.09 ,11.21 ,11.35 ,11.47 ,11.45 ,11.54 ,11.40 ,11.30 ,11.18 ,11.23 ,11.29 ,10.50 ,10.32 ,10.39 ,10.21 ,10.16 ,10.08 ,10.02 ,9.71 ,9.58 
Gabon,2.71 ,3.41 ,2.77 ,2.75 ,2.78 ,3.11 ,2.66 ,2.53 ,2.84 ,2.42 ,2.56 ,2.48 ,3.84 ,2.79 ,3.16 ,3.14 ,2.93 ,3.33 ,3.53 ,3.32 ,3.15 ,2.90 
Gambia,3.19 ,3.73 ,3.16 ,3.34 ,3.35 ,3.20 ,3.18 ,3.05 ,3.91 ,4.27 ,4.37 ,4.12 ,4.46 ,4.66 ,4.96 ,5.44 ,5.39 ,5.42 ,5.33 ,6.28 ,5.64 ,6.65 
Georgia,8.42 ,8.43 ,6.66 ,7.11 ,7.06 ,8.00 ,7.42 ,7.90 ,7.88 ,8.05 ,8.01 ,9.07 ,9.57 ,8.44 ,7.44 ,7.63 ,8.08 ,8.09 ,8.03 ,7.81 ,7.17 ,7.19 
Germany,12.93 ,12.69 ,11.72 ,11.48 ,11.34 ,11.24 ,11.19 ,11.03 ,11.00 ,10.85 ,10.78 ,11.10 ,11.24 ,10.25 ,10.05 ,10.18 ,10.31 ,10.15 ,10.40 ,10.18 ,9.92 ,9.89 
Ghana,4.15 ,4.02 ,4.30 ,3.81 ,3.73 ,3.39 ,4.54 ,4.02 ,4.59 ,4.01 ,4.69 ,4.22 ,4.38 ,3.88 ,3.80 ,3.67 ,3.63 ,2.76 ,2.83 ,2.89 ,3.17 ,2.79 
Greece,9.17 ,9.50 ,8.20 ,8.12 ,8.14 ,8.45 ,8.22 ,7.89 ,8.44 ,8.92 ,9.19 ,9.60 ,9.41 ,8.83 ,8.40 ,8.26 ,8.56 ,8.09 ,8.45 ,8.23 ,7.99 ,7.24 
Grenada,5.70 ,5.56 ,4.93 ,4.58 ,4.66 ,4.44 ,4.65 ,4.77 ,5.63 ,5.82 ,5.80 ,5.42 ,5.43 ,5.39 ,5.24 ,5.11 ,5.14 ,5.37 ,5.28 ,6.18 ,5.62 ,5.36 
Guatemala,6.90 ,6.47 ,6.17 ,6.11 ,6.14 ,6.07 ,6.01 ,5.89 ,5.77 ,6.07 ,5.96 ,6.12 ,6.34 ,6.08 ,6.19 ,6.36 ,6.15 ,6.26 ,6.15 ,6.01 ,6.07 ,5.40 
Guinea,3.76 ,3.88 ,4.09 ,3.74 ,3.92 ,5.40 ,5.81 ,4.79 ,3.46 ,3.50 ,3.79 ,3.43 ,3.58 ,3.27 ,3.47 ,3.62 ,4.05 ,4.78 ,4.78 ,5.36 ,4.89 ,4.75 
Guinea-Bissau,8.22 ,9.02 ,7.16 ,7.28 ,7.00 ,8.33 ,8.13 ,9.97 ,7.04 ,5.94 ,6.22 ,5.27 ,4.73 ,5.46 ,5.04 ,5.08 ,4.55 ,4.28 ,3.53 ,3.97 ,4.53 ,4.19 
Guyana,4.94 ,5.51 ,4.90 ,4.90 ,4.32 ,4.02 ,4.02 ,3.95 ,3.80 ,3.71 ,4.17 ,4.22 ,4.35 ,4.20 ,4.28 ,3.93 ,3.79 ,3.44 ,3.27 ,3.19 ,3.06 ,3.19 
Haiti,3.48 ,3.22 ,3.91 ,4.32 ,3.82 ,4.81 ,5.08 ,4.52 ,4.11 ,5.56 ,5.91 ,4.55 ,3.50 ,3.76 ,3.65 ,3.48 ,3.31 ,3.43 ,3.54 ,3.43 ,3.75 ,3.99 
Honduras,9.16 ,9.04 ,7.30 ,7.23 ,7.01 ,7.71 ,7.48 ,7.91 ,8.48 ,8.66 ,8.79 ,8.73 ,9.00 ,8.60 ,8.08 ,7.86 ,7.50 ,6.85 ,6.89 ,6.24 ,5.93 ,6.27 
Hungary,7.38 ,7.29 ,6.28 ,6.58 ,6.74 ,6.99 ,6.85 ,7.05 ,7.23 ,7.41 ,7.48 ,7.45 ,7.22 ,7.09 ,7.20 ,7.78 ,7.98 ,7.76 ,8.12 ,7.12 ,6.83 ,6.78 
Iceland,9.73 ,9.61 ,8.58 ,8.38 ,8.26 ,8.10 ,8.07 ,8.23 ,8.18 ,8.18 ,8.20 ,8.36 ,8.78 ,8.34 ,8.35 ,8.56 ,8.95 ,9.33 ,9.73 ,9.40 ,8.75 ,8.90 
India,3.28 ,3.34 ,2.95 ,2.86 ,2.94 ,3.50 ,3.60 ,3.62 ,3.75 ,3.33 ,3.25 ,3.27 ,3.49 ,3.51 ,3.52 ,3.63 ,3.79 ,3.96 ,4.01 ,4.24 ,4.26 ,4.03 
Indonesia,3.71 ,3.42 ,2.88 ,2.87 ,2.90 ,3.02 ,2.92 ,2.96 ,2.87 ,2.91 ,2.99 ,2.79 ,2.62 ,2.55 ,2.82 ,2.62 ,2.53 ,2.12 ,2.25 ,1.98 ,2.12 ,1.85 
Iran (Islamic Republic of),5.77 ,5.40 ,6.27 ,7.74 ,7.83 ,7.99 ,7.53 ,6.35 ,5.55 ,6.12 ,6.10 ,6.29 ,6.11 ,5.04 ,4.91 ,5.16 ,5.30 ,5.13 ,4.96 ,4.65 ,5.16 ,4.72 
Iraq,5.25 ,6.17 ,4.26 ,4.13 ,4.04 ,4.59 ,3.16 ,2.79 ,2.81 ,2.69 ,2.80 ,3.24 ,3.77 ,3.07 ,3.21 ,2.49 ,3.02 ,3.90 ,3.00 ,,,
Ireland,6.72 ,7.11 ,6.71 ,6.50 ,7.13 ,7.47 ,7.34 ,9.51 ,10.28 ,10.60 ,10.61 ,10.52 ,10.52 ,9.13 ,7.81 ,7.52 ,7.64 ,7.22 ,7.01 ,6.67 ,6.39 ,5.90 
Israel,7.90 ,7.71 ,7.17 ,7.23 ,7.18 ,7.10 ,7.02 ,7.05 ,6.96 ,6.98 ,6.84 ,6.89 ,6.92 ,6.83 ,6.70 ,6.71 ,6.90 ,6.80 ,6.86 ,6.92 ,7.02 ,6.62 
Italy,9.38 ,9.63 ,8.66 ,8.68 ,8.68 ,8.73 ,8.86 ,8.87 ,8.78 ,8.78 ,8.77 ,8.92 ,8.95 ,8.53 ,8.14 ,8.44 ,8.34 ,8.17 ,7.83 ,7.87 ,7.74 ,7.57 
Jamaica,7.19 ,6.63 ,6.10 ,5.97 ,6.15 ,5.70 ,5.62 ,5.17 ,4.95 ,4.89 ,5.24 ,5.30 ,5.15 ,5.61 ,5.32 ,4.21 ,4.55 ,4.80 ,4.22 ,4.75 ,5.16 ,5.64 
Japan,10.82 ,11.00 ,10.97 ,10.74 ,10.66 ,10.66 ,10.75 ,10.73 ,10.67 ,10.67 ,10.49 ,9.06 ,8.96 ,8.09 ,7.78 ,7.69 ,7.66 ,7.54 ,7.49 ,7.35 ,7.24 ,7.03 
Jordan,7.29 ,7.04 ,7.00 ,6.98 ,7.11 ,6.98 ,7.46 ,7.21 ,7.17 ,7.82 ,8.15 ,8.17 ,9.22 ,8.49 ,7.91 ,7.68 ,8.49 ,8.75 ,8.79 ,9.28 ,9.57 ,9.34 
Kazakhstan,3.92 ,3.75 ,2.79 ,2.82 ,3.05 ,3.42 ,3.04 ,2.97 ,2.66 ,3.04 ,2.60 ,2.74 ,3.50 ,3.05 ,2.70 ,3.40 ,3.90 ,3.98 ,3.72 ,3.61 ,3.47 ,4.16 
Kenya,4.55 ,4.48 ,4.37 ,4.10 ,3.99 ,4.75 ,4.76 ,4.91 ,4.93 ,5.02 ,5.20 ,5.39 ,5.27 ,5.29 ,5.22 ,5.11 ,4.24 ,4.24 ,4.06 ,3.85 ,3.77 ,3.63 
Kiribati,14.81 ,16.99 ,12.59 ,12.97 ,11.46 ,10.47 ,8.11 ,10.09 ,9.53 ,8.69 ,8.67 ,9.34 ,13.49 ,14.05 ,11.34 ,11.53 ,11.52 ,12.43 ,10.70 ,11.87 ,12.30 ,8.65 
Kuwait,5.78 ,6.35 ,5.36 ,5.19 ,4.65 ,4.73 ,4.21 ,2.92 ,2.49 ,2.33 ,2.33 ,2.68 ,2.71 ,1.92 ,1.93 ,1.82 ,2.01 ,2.36 ,2.76 ,3.12 ,3.19 ,2.20 
Kyrgyzstan,5.44 ,5.26 ,4.49 ,5.01 ,6.19 ,6.41 ,7.15 ,7.36 ,8.19 ,8.51 ,7.11 ,6.95 ,6.90 ,6.53 ,6.93 ,8.31 ,7.45 ,6.20 ,5.82 ,4.59 ,4.28 ,4.41 
Lao People's Democratic Republic,2.74 ,2.06 ,2.60 ,2.25 ,2.53 ,2.36 ,2.45 ,2.30 ,2.40 ,2.08 ,1.94 ,2.91 ,3.46 ,2.77 ,3.15 ,2.93 ,3.34 ,3.54 ,4.48 ,3.70 ,4.29 ,4.28 
Latvia,9.04 ,7.25 ,6.61 ,6.19 ,5.97 ,6.13 ,5.65 ,5.46 ,5.41 ,5.41 ,5.72 ,6.10 ,6.10 ,5.58 ,5.51 ,5.70 ,5.83 ,6.20 ,5.48 ,5.76 ,5.77 ,5.43 
Lebanon,10.06 ,7.58 ,8.69 ,8.07 ,7.80 ,7.92 ,7.42 ,7.52 ,7.07 ,7.00 ,8.18 ,7.44 ,7.01 ,7.82 ,8.56 ,8.66 ,7.55 ,8.00 ,8.67 ,9.28 ,10.56 ,10.83 
Lesotho,10.21 ,10.28 ,11.95 ,11.11 ,10.57 ,9.24 ,9.30 ,10.00 ,11.00 ,10.04 ,9.08 ,7.64 ,8.95 ,7.67 ,7.22 ,6.12 ,5.45 ,6.06 ,6.05 ,6.54 ,7.28 ,5.61 
Liberia,16.62 ,16.97 ,8.42 ,10.35 ,10.47 ,9.90 ,10.47 ,8.77 ,7.09 ,8.15 ,9.71 ,10.35 ,11.57 ,6.00 ,4.33 ,6.07 ,7.14 ,6.34 ,2.66 ,2.28 ,2.28 ,2.88 
Libya,,,,,,,,,,,4.02 ,3.28 ,3.58 ,2.24 ,2.42 ,2.30 ,2.52 ,3.38 ,3.97 ,4.74 ,3.93 ,3.32 
Lithuania,7.82 ,7.48 ,6.99 ,6.53 ,6.48 ,6.64 ,6.49 ,6.19 ,6.13 ,6.28 ,6.49 ,6.81 ,7.37 ,6.29 ,5.76 ,5.84 ,5.65 ,5.51 ,6.19 ,6.14 ,6.01 ,6.20 
Luxembourg,5.67 ,5.74 ,5.47 ,5.28 ,5.14 ,5.07 ,5.08 ,5.23 ,5.24 ,5.29 ,5.95 ,6.66 ,6.95 ,6.23 ,6.16 ,6.64 ,7.12 ,7.28 ,6.96 ,6.76 ,6.38 ,5.93 
Madagascar,3.50 ,3.72 ,3.10 ,4.23 ,4.80 ,5.33 ,5.01 ,4.46 ,3.75 ,3.91 ,4.52 ,4.70 ,4.38 ,4.08 ,4.61 ,5.07 ,5.22 ,5.25 ,5.00 ,4.93 ,4.12 ,3.99 
Malawi,7.41 ,7.01 ,7.15 ,6.87 ,7.58 ,7.73 ,6.63 ,6.90 ,8.22 ,6.02 ,5.32 ,5.14 ,5.87 ,6.11 ,5.44 ,4.91 ,4.30 ,4.07 ,3.32 ,2.70 ,2.06 ,2.35 
Malaysia,4.38 ,4.08 ,3.84 ,3.76 ,3.71 ,3.70 ,3.82 ,3.71 ,3.51 ,3.46 ,3.31 ,3.16 ,3.26 ,3.01 ,3.07 ,3.11 ,2.79 ,2.86 ,2.92 ,2.67 ,2.68 ,2.51 
Maldives,10.03 ,11.35 ,7.66 ,7.44 ,9.27 ,10.31 ,8.73 ,7.91 ,8.16 ,8.67 ,7.92 ,8.49 ,10.09 ,11.47 ,8.31 ,8.05 ,8.83 ,7.48 ,6.78 ,8.78 ,8.21 ,7.74 
Mali,4.47 ,3.48 ,3.83 ,3.73 ,3.67 ,3.77 ,4.11 ,4.48 ,3.97 ,3.75 ,4.01 ,4.68 ,5.21 ,5.03 ,5.25 ,5.46 ,5.20 ,5.22 ,5.05 ,5.00 ,4.52 ,5.47 
Malta,10.58 ,10.74 ,9.15 ,8.55 ,8.73 ,8.97 ,8.90 ,9.09 ,8.50 ,8.38 ,8.45 ,7.95 ,7.92 ,7.86 ,8.17 ,8.81 ,8.66 ,8.05 ,7.90 ,7.71 ,7.00 ,6.57 
Marshall Islands,12.55 ,12.59 ,14.83 ,15.26 ,14.39 ,15.74 ,15.34 ,13.21 ,13.47 ,13.04 ,13.09 ,13.93 ,14.54 ,15.20 ,16.27 ,20.33 ,20.22 ,15.62 ,12.77 ,12.84 ,14.82 ,17.48 
Mauritania,4.12 ,3.39 ,3.30 ,3.18 ,3.32 ,3.10 ,3.67 ,3.47 ,2.87 ,2.65 ,2.47 ,2.64 ,3.11 ,3.01 ,2.88 ,2.70 ,3.40 ,3.70 ,4.03 ,4.00 ,3.57 ,3.38 
Mauritius,6.39 ,6.48 ,6.02 ,5.64 ,5.61 ,5.54 ,5.55 ,5.38 ,4.62 ,4.22 ,4.25 ,4.52 ,4.17 ,3.94 ,3.52 ,3.61 ,3.52 ,3.32 ,3.18 ,3.19 ,2.92 ,2.86 
Mexico,6.08 ,6.22 ,5.45 ,5.38 ,5.46 ,5.55 ,5.72 ,5.55 ,5.81 ,5.67 ,5.52 ,5.74 ,6.13 ,5.70 ,5.77 ,5.66 ,5.84 ,5.95 ,5.81 ,5.07 ,4.82 ,4.45 
Micronesia (Federated States of),10.96 ,10.85 ,11.26 ,11.66 ,12.20 ,13.13 ,12.46 ,11.72 ,12.10 ,12.28 ,13.10 ,13.11 ,12.55 ,11.99 ,11.06 ,10.74 ,17.73 ,12.03 ,9.57 ,7.90 ,8.45 ,7.77 
Monaco,3.68 ,4.28 ,3.88 ,4.04 ,4.16 ,4.12 ,4.32 ,4.44 ,4.57 ,4.76 ,4.64 ,4.96 ,4.84 ,4.08 ,3.81 ,4.30 ,4.50 ,4.52 ,4.43 ,3.81 ,3.75 ,3.70 
Mongolia,6.91 ,4.67 ,4.49 ,4.53 ,4.34 ,4.58 ,4.23 ,4.21 ,4.09 ,3.86 ,3.59 ,3.74 ,4.46 ,4.56 ,4.08 ,3.75 ,3.76 ,4.16 ,4.10 ,5.19 ,5.05 ,5.70 
Montenegro,10.55 ,11.42 ,8.33 ,8.34 ,7.98 ,8.63 ,9.02 ,8.00 ,8.47 ,8.30 ,7.97 ,,,,,,,,,,,
Morocco,5.74 ,5.84 ,4.99 ,4.95 ,4.99 ,5.09 ,5.10 ,5.42 ,5.26 ,5.40 ,5.37 ,5.42 ,5.27 ,4.84 ,4.81 ,4.57 ,4.37 ,4.23 ,4.08 ,4.06 ,3.82 ,3.69 
Mozambique,9.05 ,7.57 ,7.95 ,8.09 ,7.84 ,7.28 ,6.72 ,6.33 ,6.13 ,5.25 ,5.00 ,5.44 ,5.20 ,4.22 ,3.93 ,4.09 ,4.38 ,3.67 ,3.40 ,3.28 ,2.88 ,2.19 
Myanmar,5.63 ,4.62 ,4.71 ,4.90 ,5.08 ,5.11 ,5.48 ,4.39 ,3.20 ,2.41 ,1.93 ,1.96 ,2.16 ,2.11 ,2.02 ,2.25 ,2.33 ,2.32 ,2.38 ,2.58 ,2.15 ,2.00 
Namibia,9.38 ,8.90 ,8.43 ,8.32 ,8.73 ,9.32 ,9.98 ,8.41 ,9.06 ,9.27 ,9.83 ,9.73 ,9.05 ,9.92 ,10.72 ,10.57 ,10.08 ,10.13 ,9.91 ,9.68 ,9.64 ,9.24 
Nauru,13.06 ,12.68 ,11.56 ,11.10 ,11.49 ,10.99 ,14.01 ,8.39 ,9.85 ,8.84 ,9.96 ,12.70 ,12.32 ,23.00 ,24.23 ,12.42 ,10.82 ,6.88 ,9.97 ,13.81 ,16.22 ,18.97 
Nepal,5.42 ,5.21 ,4.45 ,4.53 ,4.72 ,5.42 ,5.47 ,5.08 ,4.63 ,4.49 ,4.45 ,4.36 ,3.90 ,3.82 ,3.67 ,3.54 ,3.95 ,4.05 ,3.86 ,3.94 ,3.81 ,3.13 
Netherlands,11.29 ,11.21 ,10.14 ,10.02 ,10.11 ,10.29 ,10.32 ,10.57 ,10.58 ,10.54 ,10.23 ,10.16 ,9.99 ,9.28 ,9.05 ,9.08 ,9.10 ,9.11 ,9.06 ,8.65 ,8.06 ,7.71 
New Zealand,10.05 ,10.07 ,9.49 ,9.04 ,8.97 ,9.24 ,9.28 ,9.40 ,9.36 ,9.65 ,9.52 ,9.59 ,9.62 ,9.12 ,8.33 ,8.64 ,8.27 ,7.90 ,7.72 ,7.90 ,7.58 ,7.47 
Nicaragua,9.68 ,8.65 ,8.57 ,8.50 ,8.33 ,8.05 ,7.96 ,7.98 ,7.64 ,7.49 ,7.45 ,7.71 ,7.69 ,7.17 ,6.96 ,6.36 ,6.22 ,6.06 ,6.08 ,5.73 ,5.48 ,5.24 
Niger,5.81 ,6.17 ,5.67 ,5.30 ,5.58 ,4.53 ,5.35 ,4.45 ,4.47 ,4.31 ,4.87 ,4.96 ,5.34 ,5.25 ,5.43 ,5.99 ,5.88 ,4.98 ,4.75 ,4.83 ,4.73 ,4.66 
Nigeria,4.08 ,3.38 ,2.99 ,3.09 ,3.75 ,3.65 ,3.58 ,3.35 ,3.42 ,3.36 ,3.32 ,3.30 ,3.58 ,3.70 ,3.91 ,4.26 ,4.47 ,4.63 ,5.05 ,2.49 ,3.19 ,3.20 
Niue,13.76 ,8.97 ,7.28 ,8.00 ,8.51 ,7.75 ,8.75 ,10.83 ,9.71 ,10.31 ,19.83 ,15.54 ,28.82 ,23.26 ,23.61 ,50.18 ,12.30 ,17.34 ,9.53 ,11.11 ,38.14 ,7.93 
The former Yugoslav Republic of Macedonia,8.52 ,7.73 ,7.07 ,6.46 ,6.44 ,6.38 ,6.34 ,6.29 ,6.72 ,6.61 ,6.52 ,6.71 ,6.53 ,6.55 ,6.57 ,7.38 ,7.68 ,8.47 ,9.01 ,8.98 ,8.38 ,8.87 
Norway,9.92 ,11.25 ,10.44 ,9.96 ,10.23 ,10.53 ,10.07 ,9.28 ,8.87 ,8.72 ,8.73 ,8.86 ,9.03 ,7.92 ,8.02 ,7.88 ,8.30 ,8.80 ,9.19 ,8.98 ,8.01 ,7.70 
Oman,4.37 ,5.25 ,3.81 ,3.21 ,3.95 ,4.18 ,4.08 ,3.14 ,2.51 ,2.28 ,2.24 ,2.48 ,2.47 ,1.76 ,2.11 ,2.02 ,2.26 ,2.60 ,2.78 ,2.78 ,2.70 ,2.68 
Pakistan,2.91 ,2.95 ,2.85 ,2.83 ,2.79 ,2.57 ,2.46 ,2.46 ,2.40 ,2.20 ,2.14 ,2.40 ,2.47 ,2.71 ,2.82 ,2.86 ,2.55 ,2.22 ,2.30 ,2.66 ,2.55 ,2.71 
Palau,16.38 ,14.34 ,13.40 ,12.86 ,12.53 ,11.63 ,11.34 ,12.12 ,11.98 ,11.50 ,10.86 ,11.62 ,10.31 ,9.40 ,9.81 ,9.56 ,9.29 ,9.92 ,8.96 ,8.02 ,7.80 ,8.70 
Panama,9.68 ,10.80 ,8.47 ,7.88 ,7.43 ,7.35 ,7.19 ,7.17 ,6.76 ,6.74 ,7.08 ,7.49 ,7.24 ,7.05 ,7.62 ,6.78 ,6.43 ,7.34 ,6.96 ,7.31 ,7.17 ,7.24 
Papua New Guinea,2.32 ,2.30 ,2.33 ,2.30 ,2.23 ,2.33 ,1.82 ,3.27 ,3.00 ,2.67 ,2.29 ,2.11 ,2.33 ,2.14 ,2.42 ,2.43 ,2.45 ,2.59 ,2.45 ,2.78 ,2.30 ,2.02 
Paraguay,8.03 ,7.68 ,7.16 ,6.74 ,6.61 ,6.68 ,6.69 ,6.63 ,6.06 ,6.53 ,5.82 ,5.47 ,5.52 ,5.04 ,5.02 ,5.02 ,4.83 ,4.93 ,4.91 ,4.76 ,5.61 ,6.02 
Peru,6.15 ,6.29 ,5.18 ,5.16 ,4.88 ,4.96 ,4.96 ,4.96 ,4.75 ,4.73 ,4.54 ,4.72 ,4.97 ,4.53 ,4.43 ,4.41 ,4.67 ,4.43 ,4.59 ,4.94 ,4.72 ,4.41 
Philippines,5.87 ,5.16 ,4.17 ,3.95 ,3.96 ,3.95 ,3.90 ,3.70 ,4.27 ,4.18 ,4.03 ,4.13 ,4.16 ,3.86 ,3.75 ,3.78 ,3.74 ,3.05 ,3.08 ,2.64 ,2.85 ,3.06 
Poland,6.44 ,6.50 ,6.46 ,6.31 ,6.58 ,6.57 ,6.40 ,6.43 ,6.48 ,6.27 ,6.29 ,6.47 ,6.59 ,6.38 ,5.87 ,5.80 ,5.81 ,5.87 ,5.95 ,6.07 ,5.67 ,5.29 
Portugal,11.14 ,10.55 ,9.51 ,9.41 ,9.31 ,9.39 ,9.32 ,9.34 ,9.40 ,9.65 ,9.73 ,10.03 ,10.13 ,9.58 ,9.25 ,9.35 ,9.65 ,9.53 ,9.12 ,8.79 ,8.63 ,8.60 
Qatar,2.89 ,3.82 ,3.20 ,2.96 ,3.21 ,3.55 ,3.64 ,2.42 ,2.08 ,1.75 ,1.60 ,1.87 ,2.38 ,1.64 ,2.07 ,2.29 ,2.56 ,3.18 ,3.50 ,2.46 ,2.32 ,1.97 
Republic of Korea,9.33 ,8.35 ,8.17 ,7.49 ,7.05 ,6.87 ,6.59 ,6.40 ,6.15 ,6.03 ,5.91 ,5.82 ,5.66 ,5.25 ,4.95 ,4.85 ,4.55 ,4.27 ,4.28 ,4.01 ,4.30 ,3.86 
Republic of Moldova,7.75 ,7.00 ,6.50 ,6.71 ,7.13 ,7.54 ,8.56 ,8.63 ,8.68 ,9.14 ,9.10 ,10.13 ,13.68 ,10.95 ,11.02 ,10.54 ,9.56 ,8.97 ,7.02 ,7.40 ,6.23 ,5.93 
Romania,6.48 ,6.23 ,5.71 ,5.52 ,5.19 ,5.08 ,4.94 ,5.03 ,5.22 ,4.51 ,4.48 ,5.64 ,5.28 ,5.02 ,5.02 ,5.07 ,5.53 ,5.48 ,5.37 ,4.58 ,4.38 ,4.21 
Russian Federation,7.39 ,7.57 ,5.65 ,5.36 ,5.36 ,5.29 ,5.30 ,5.18 ,5.08 ,4.94 ,4.79 ,4.97 ,5.64 ,4.90 ,4.75 ,4.77 ,4.77 ,4.76 ,5.16 ,5.52 ,5.24 ,5.02 
Rwanda,7.32 ,7.48 ,6.34 ,6.70 ,6.39 ,6.96 ,6.65 ,6.99 ,6.78 ,8.11 ,7.94 ,8.09 ,7.81 ,7.57 ,7.86 ,7.61 ,7.73 ,7.51 ,6.93 ,3.13 ,3.32 ,3.58 
Saint Kitts and Nevis,6.16 ,5.66 ,5.19 ,4.89 ,5.26 ,5.42 ,5.12 ,4.75 ,5.04 ,5.01 ,5.16 ,5.21 ,5.29 ,5.31 ,4.80 ,4.98 ,4.73 ,4.49 ,4.75 ,4.45 ,4.40 ,4.80 
Saint Lucia,6.21 ,6.79 ,4.19 ,4.19 ,4.37 ,4.45 ,4.51 ,4.62 ,5.05 ,4.92 ,5.08 ,5.05 ,5.24 ,5.09 ,5.54 ,5.13 ,4.86 ,4.77 ,5.24 ,5.39 ,5.12 ,4.87 
Saint Vincent and the Grenadines,5.36 ,4.84 ,4.26 ,4.25 ,4.23 ,4.10 ,4.11 ,4.18 ,4.24 ,4.45 ,4.23 ,4.30 ,4.09 ,3.88 ,3.82 ,3.65 ,3.83 ,3.87 ,3.96 ,4.08 ,4.00 ,3.98 
Samoa,6.80 ,6.19 ,5.64 ,4.77 ,5.16 ,5.63 ,6.21 ,6.25 ,6.21 ,4.99 ,5.38 ,5.15 ,5.13 ,4.53 ,4.74 ,4.88 ,4.63 ,4.53 ,4.17 ,4.49 ,3.82 ,4.28 
San Marino,7.98 ,8.48 ,8.15 ,8.28 ,8.26 ,8.42 ,8.43 ,8.30 ,8.24 ,8.99 ,8.07 ,6.21 ,6.18 ,5.41 ,5.10 ,4.91 ,4.89 ,4.86 ,4.77 ,5.39 ,5.64 ,5.79 
Sao Tome and Principe,7.83 ,7.30 ,5.30 ,5.51 ,6.46 ,6.43 ,5.34 ,6.73 ,7.94 ,6.48 ,6.76 ,6.86 ,7.24 ,7.17 ,8.20 ,8.30 ,11.55 ,11.92 ,12.66 ,10.70 ,10.84 ,10.52 
Saudi Arabia,5.97 ,6.65 ,5.47 ,5.34 ,6.03 ,6.24 ,5.86 ,5.16 ,4.42 ,3.99 ,3.68 ,3.65 ,4.29 ,2.97 ,3.56 ,3.62 ,3.42 ,3.58 ,3.98 ,4.25 ,4.46 ,4.21 
Senegal,4.35 ,5.15 ,4.50 ,4.43 ,4.16 ,4.26 ,4.38 ,4.39 ,4.39 ,4.27 ,4.21 ,4.03 ,3.84 ,3.51 ,3.41 ,3.76 ,3.67 ,4.57 ,4.30 ,3.95 ,3.68 ,3.55 
Serbia,10.01 ,8.70 ,8.67 ,8.53 ,8.22 ,8.46 ,8.81 ,9.25 ,9.31 ,9.33 ,9.11 ,9.53 ,9.35 ,9.48 ,9.38 ,8.49 ,8.28 ,7.84 ,7.67 ,7.59 ,6.50 ,6.18 
Seychelles,5.26 ,6.54 ,4.77 ,4.94 ,4.77 ,4.96 ,4.37 ,4.59 ,4.25 ,5.40 ,4.46 ,4.50 ,3.54 ,3.62 ,3.85 ,4.40 ,4.67 ,4.90 ,5.09 ,4.35 ,5.02 ,4.61 
Sierra Leone,8.55 ,9.33 ,9.13 ,8.29 ,9.40 ,15.79 ,19.66 ,19.69 ,11.59 ,8.94 ,10.77 ,9.13 ,9.68 ,8.81 ,8.52 ,9.02 ,9.04 ,8.67 ,8.45 ,9.40 ,8.37 ,8.49 
Singapore,5.57 ,5.71 ,4.40 ,4.08 ,4.36 ,4.39 ,4.18 ,3.87 ,3.69 ,3.33 ,3.16 ,3.20 ,3.40 ,3.19 ,2.84 ,2.93 ,3.03 ,3.15 ,3.61 ,3.36 ,3.16 ,3.34 
Slovakia,7.75 ,7.13 ,6.92 ,6.67 ,6.76 ,7.09 ,6.76 ,6.88 ,7.50 ,7.54 ,7.30 ,7.67 ,7.95 ,6.96 ,7.18 ,6.85 ,6.59 ,6.37 ,5.45 ,5.51 ,5.33 ,5.30 
Slovenia,9.48 ,9.43 ,8.50 ,8.28 ,8.18 ,8.46 ,8.50 ,8.50 ,8.74 ,8.72 ,8.54 ,8.57 ,8.54 ,7.85 ,7.51 ,7.82 ,8.00 ,7.94 ,8.10 ,8.02 ,7.88 ,7.80 
Solomon Islands,4.76 ,4.80 ,4.32 ,3.77 ,4.15 ,4.40 ,4.45 ,4.89 ,4.58 ,4.87 ,5.02 ,4.66 ,6.61 ,5.51 ,7.18 ,8.01 ,9.02 ,7.72 ,7.08 ,10.10 ,6.61 ,4.83 
South Africa,8.27 ,8.57 ,8.24 ,8.09 ,7.98 ,8.08 ,8.05 ,7.87 ,8.10 ,8.00 ,7.94 ,7.79 ,7.65 ,7.15 ,6.91 ,6.88 ,6.86 ,6.94 ,7.04 ,6.68 ,7.12 ,7.34 
South Sudan,5.86 ,9.45 ,9.04 ,10.06 ,15.96 ,,,,,,,,,,,,,,,,,
Spain,10.74 ,10.75 ,9.15 ,9.00 ,8.94 ,8.95 ,9.12 ,9.08 ,9.06 ,9.15 ,9.17 ,9.12 ,9.11 ,8.38 ,7.92 ,7.83 ,7.73 ,7.66 ,7.56 ,6.80 ,6.77 ,6.80 
Sri Lanka,4.07 ,4.02 ,3.90 ,3.64 ,3.33 ,3.62 ,3.68 ,3.47 ,3.69 ,3.31 ,3.58 ,3.74 ,4.06 ,3.85 ,3.82 ,3.85 ,3.88 ,4.04 ,3.65 ,4.04 ,4.06 ,4.11 
Sudan,2.84 ,3.02 ,4.57 ,4.46 ,5.92 ,5.68 ,5.81 ,5.68 ,6.96 ,5.69 ,5.62 ,5.06 ,6.39 ,5.42 ,5.66 ,4.89 ,4.09 ,4.16 ,3.89 ,3.30 ,3.36 ,3.61 
Suriname,5.68 ,6.84 ,8.70 ,6.69 ,5.32 ,5.99 ,5.81 ,4.52 ,4.49 ,4.28 ,4.41 ,4.70 ,4.98 ,4.75 ,5.22 ,5.86 ,5.24 ,5.46 ,4.89 ,5.33 ,3.82 ,5.87 
Sweden,11.25 ,11.33 ,10.83 ,10.94 ,10.79 ,10.85 ,10.80 ,10.95 ,10.90 ,10.74 ,10.42 ,8.32 ,8.77 ,8.21 ,8.00 ,8.05 ,8.15 ,8.13 ,8.32 ,8.21 ,7.90 ,7.33 
Switzerland,11.80 ,11.73 ,11.06 ,10.77 ,11.05 ,10.99 ,10.78 ,10.43 ,10.38 ,10.14 ,10.05 ,9.93 ,10.14 ,9.53 ,9.42 ,9.58 ,10.06 ,10.23 ,10.14 ,9.88 ,9.46 ,9.13 
Syrian Arab Republic,,,,,,,,,,3.05 ,2.53 ,3.28 ,3.55 ,3.40 ,3.72 ,3.78 ,4.11 ,4.48 ,5.12 ,4.95 ,4.70 ,4.55 
T¨¹rkiye,4.57 ,4.62 ,4.37 ,4.12 ,4.18 ,4.28 ,4.12 ,4.33 ,4.37 ,4.44 ,4.65 ,5.02 ,5.49 ,5.22 ,5.24 ,5.15 ,4.89 ,4.91 ,5.01 ,5.06 ,4.89 ,4.60 
Tajikistan,8.01 ,8.18 ,6.95 ,7.01 ,6.85 ,6.96 ,6.91 ,6.67 ,6.53 ,5.98 ,5.86 ,5.74 ,5.86 ,5.91 ,5.54 ,5.03 ,5.21 ,4.80 ,4.70 ,4.44 ,4.58 ,4.26 
Thailand,5.16 ,4.36 ,3.79 ,3.87 ,3.85 ,3.94 ,3.85 ,3.68 ,3.45 ,3.52 ,3.57 ,3.39 ,3.62 ,3.46 ,3.19 ,3.10 ,3.16 ,3.14 ,3.24 ,3.33 ,3.03 ,3.10 
Timor-Leste,11.44 ,9.96 ,6.03 ,6.37 ,6.76 ,6.90 ,7.67 ,7.60 ,8.53 ,6.99 ,6.87 ,6.47 ,7.31 ,6.97 ,5.65 ,6.00 ,5.28 ,4.26 ,2.84 ,,,
Togo,5.56 ,6.04 ,5.73 ,6.09 ,6.49 ,6.60 ,4.96 ,5.08 ,4.94 ,4.81 ,4.55 ,4.45 ,4.08 ,3.84 ,3.87 ,3.45 ,3.30 ,3.09 ,2.94 ,2.90 ,2.89 ,2.79 
Tonga,6.27 ,5.33 ,4.75 ,4.81 ,4.86 ,4.82 ,4.47 ,5.01 ,3.98 ,4.80 ,3.82 ,4.82 ,3.93 ,6.06 ,4.73 ,5.47 ,4.39 ,4.51 ,3.44 ,3.59 ,3.43 ,2.90 
Trinidad and Tobago,7.02 ,7.54 ,6.83 ,6.53 ,6.58 ,6.51 ,5.65 ,4.87 ,4.80 ,4.63 ,4.72 ,5.08 ,5.49 ,3.66 ,4.15 ,4.15 ,4.43 ,4.31 ,4.19 ,4.72 ,4.03 ,4.23 
Tunisia,6.97 ,7.05 ,6.02 ,5.94 ,6.19 ,6.25 ,6.21 ,6.45 ,6.51 ,6.29 ,6.12 ,5.61 ,5.41 ,5.16 ,5.18 ,5.13 ,5.15 ,5.20 ,5.21 ,5.12 ,4.86 ,4.81 
Turkmenistan,5.57 ,5.68 ,5.68 ,5.69 ,5.94 ,5.74 ,5.12 ,4.31 ,3.94 ,3.37 ,3.25 ,3.24 ,2.85 ,3.49 ,3.13 ,4.98 ,5.65 ,6.26 ,5.04 ,4.16 ,4.82 ,4.08 
Tuvalu,19.97 ,18.86 ,22.41 ,18.64 ,24.28 ,18.62 ,13.53 ,14.69 ,14.34 ,13.60 ,14.10 ,15.65 ,12.27 ,10.12 ,10.52 ,12.27 ,10.56 ,9.89 ,14.39 ,12.43 ,18.48 ,22.37 
Uganda,4.67 ,4.30 ,3.80 ,4.02 ,4.00 ,4.96 ,5.07 ,5.34 ,5.78 ,6.11 ,6.70 ,6.81 ,5.79 ,5.45 ,6.11 ,6.46 ,5.81 ,4.70 ,4.30 ,4.77 ,5.05 ,5.08 
Ukraine,8.01 ,7.56 ,7.09 ,7.52 ,7.44 ,7.55 ,7.78 ,7.20 ,6.94 ,7.12 ,6.82 ,6.81 ,6.61 ,5.50 ,6.02 ,6.42 ,6.35 ,6.17 ,6.55 ,5.99 ,5.73 ,5.31 
United Arab Emirates,5.31 ,5.82 ,4.39 ,4.10 ,4.01 ,3.90 ,3.47 ,3.53 ,3.50 ,3.34 ,3.67 ,3.88 ,4.05 ,2.93 ,2.57 ,2.33 ,2.32 ,2.46 ,2.65 ,2.72 ,2.48 ,2.37 
United Kingdom of Great Britain and Northern Ireland,12.36 ,12.16 ,9.96 ,9.73 ,9.60 ,9.73 ,9.80 ,9.86 ,9.87 ,9.95 ,9.92 ,9.93 ,10.05 ,9.03 ,8.62 ,8.63 ,8.36 ,8.31 ,8.06 ,7.65 ,7.34 ,7.13 
United Republic of Tanzania,3.36 ,2.94 ,3.88 ,4.16 ,4.08 ,3.96 ,3.65 ,4.01 ,4.65 ,5.02 ,5.06 ,5.22 ,5.06 ,5.56 ,6.88 ,7.60 ,6.32 ,5.74 ,5.34 ,4.69 ,4.24 ,3.42 
United States of America,17.36 ,18.76 ,16.67 ,16.63 ,16.77 ,16.80 ,16.49 ,16.20 ,15.99 ,16.12 ,16.14 ,16.20 ,16.20 ,15.21 ,14.92 ,14.71 ,14.58 ,14.55 ,14.51 ,14.00 ,13.17 ,12.49 
Uruguay,9.36 ,9.14 ,9.39 ,9.01 ,8.82 ,8.68 ,8.29 ,8.07 ,8.12 ,8.07 ,7.95 ,7.91 ,7.95 ,8.13 ,7.49 ,7.74 ,7.76 ,8.30 ,9.62 ,9.68 ,9.80 ,9.21 
Uzbekistan,7.74 ,6.75 ,5.43 ,5.08 ,4.84 ,4.72 ,4.74 ,4.43 ,5.72 ,5.55 ,5.26 ,5.30 ,4.80 ,4.70 ,4.54 ,4.75 ,4.78 ,4.84 ,5.19 ,5.14 ,5.24 ,5.12 
Vanuatu,4.37 ,3.99 ,3.31 ,3.32 ,2.76 ,2.93 ,4.32 ,3.65 ,4.39 ,3.94 ,3.60 ,3.53 ,3.25 ,3.14 ,3.11 ,3.32 ,3.31 ,3.54 ,3.51 ,3.90 ,3.39 ,3.31 
Venezuela (Bolivarian Republic of),4.04 ,4.09 ,2.19 ,2.42 ,,,,,,,,,,,,,,,,,,
Viet Nam,4.59 ,4.30 ,4.97 ,5.03 ,4.99 ,4.87 ,4.71 ,4.69 ,4.41 ,5.00 ,4.97 ,5.07 ,4.49 ,4.36 ,4.63 ,4.57 ,4.32 ,4.09 ,3.94 ,3.87 ,4.80 ,4.11 
Yemen,,,,,,,4.25 ,4.84 ,4.96 ,5.20 ,4.77 ,5.16 ,5.99 ,5.76 ,5.82 ,5.53 ,5.21 ,5.51 ,5.76 ,4.83 ,4.95 ,4.67 
Zambia,6.62 ,6.32 ,6.75 ,4.77 ,4.78 ,4.47 ,4.43 ,3.83 ,4.57 ,4.05 ,3.96 ,3.97 ,5.16 ,4.47 ,4.58 ,5.58 ,6.33 ,5.48 ,6.00 ,5.89 ,4.83 ,4.17 
Zimbabwe,2.79 ,2.95 ,3.23 ,4.67 ,6.36 ,7.47 ,7.45 ,8.13 ,7.11 ,6.92 ,8.08 ,10.48 ,,,,,,,,,,
